순위,단지명,지번주소,면적_m2,중심→역_m,경계→역_m,경계→역경계_m,도보_분,지수,중심기준_지수,경계보정,지수_d750,상대지수,×1.2,×1.35,×1.5,낙폭
1,위례센트럴자이아파트,경기 성남시 수정구 창곡동 504,68176,231.1,109.3,89.5,1.5,98.8,94.9,3.9,97.9,100.0,98.3,97.9,97.4,1.4
2,위례보미리즌빌아파트,경기 성남시 수정구 창곡동 507,9109,168.8,118.2,10.0,1.6,98.6,97.2,1.4,97.6,99.8,98.0,97.5,97.0,1.6
3,위례35단지아파트,경기 성남시 수정구 창곡동 510,76394,277.6,144.7,124.5,1.9,97.9,92.8,5.1,96.4,99.1,97.1,96.3,95.5,2.4
4,위례중앙푸르지오1단지아파트,서울 송파구 장지동 897,9493,199.4,147.1,39.0,2.0,97.9,96.2,1.7,96.3,99.1,97.0,96.2,95.4,2.5
5,위례중앙푸르지오2단지아파트,서울 송파구 장지동 896,8625,211.5,151.0,41.4,2.0,97.8,95.7,2.1,96.1,99.0,96.8,96.0,95.1,2.7
6,송파꿈에그린위례24단지아파트,서울 송파구 장지동 901,82396,388.4,196.0,106.5,2.6,96.3,86.9,9.4,93.6,97.5,94.8,93.5,92.0,4.3
7,위례신도시신안인스빌아스트로아파트,경기 하남시 학암동 663,42473,373.3,216.3,135.0,2.9,95.5,87.8,7.7,92.3,96.7,93.7,92.1,90.5,5.0
8,위례아트리버푸르지오1단지아파트,경기 성남시 수정구 창곡동 530,9652,295.0,241.2,133.1,3.2,94.5,92.0,2.5,90.6,95.6,92.3,90.4,88.4,6.1
9,위례아트리버푸르지오2단지아파트,경기 성남시 수정구 창곡동 529,7026,296.2,243.6,133.8,3.2,94.4,91.9,2.5,90.5,95.5,92.1,90.2,88.2,6.2
10,위례아이파크아파트,서울 송파구 장지동 894,21063,376.5,267.1,159.0,3.6,93.3,87.6,5.7,88.7,94.4,90.7,88.5,86.2,7.1
11,송파와이즈더샵아파트,서울 송파구 장지동 895,20538,395.1,269.3,159.6,3.6,93.2,86.5,6.7,88.6,94.3,90.5,88.3,86.0,7.2
12,래미안위례아파트,경기 성남시 수정구 창곡동 528,31444,396.6,269.7,166.7,3.6,93.2,86.4,6.8,88.5,94.3,90.5,88.3,85.9,7.3
13,위례자이아파트,경기 성남시 수정구 창곡동 531,42016,414.1,270.6,166.9,3.6,93.2,85.4,7.8,88.5,94.3,90.5,88.2,85.9,7.3
14,위례센트로엘아파트,경기 하남시 학암동 662,41449,505.4,354.8,252.5,4.7,88.8,79.7,9.1,81.7,89.9,84.7,81.3,77.9,10.9
15,위례31단지아파트,경기 성남시 수정구 창곡동 500,79716,646.7,450.4,430.7,6.0,83.1,70.5,12.6,73.5,84.1,77.4,73.0,68.7,14.4
16,위례포레샤인23단지아파트,서울 송파구 장지동 905,105578,684.5,480.4,434.8,6.4,81.2,68.1,13.1,70.9,82.2,75.1,70.4,65.8,15.4
17,위례역푸르지오4단지아파트,경기 성남시 수정구 창곡동 565,13854,570.5,494.5,386.1,6.6,80.4,75.4,5.0,69.7,81.4,74.0,69.2,64.5,15.9
18,위례자이더시티아파트,경기 성남시 수정구 창곡동 512,33283,587.0,502.7,482.5,6.7,79.8,74.4,5.4,69.0,80.8,73.3,68.5,63.8,16.0
19,위례자이더파크아파트,경기 성남시 수정구 창곡동 514,52721,653.0,514.9,478.2,6.9,79.0,70.1,8.9,68.0,80.0,72.4,67.4,62.6,16.4
20,플로리체위례아파트,경기 하남시 학암동 671,57172,674.8,522.8,483.7,7.0,78.5,68.7,9.8,67.3,79.5,71.8,66.8,61.9,16.6
21,위례심포니아아파트,서울 송파구 장지동 891,2947,585.3,548.7,441.2,7.3,76.9,74.5,2.4,65.1,77.8,69.8,64.6,59.6,17.3
22,성남위례LH36단지아파트,경기 성남시 수정구 창곡동 501,13040,647.6,570.6,541.2,7.6,75.4,70.5,4.9,63.3,76.3,68.1,62.8,57.7,17.7
23,힐스테이트송파위례아파트,서울 송파구 장지동 883,23947,727.8,596.2,487.7,7.9,73.8,65.4,8.4,61.3,74.7,66.1,60.7,55.6,18.2
24,송파더센트레아파트,서울 송파구 장지동 879,44179,701.0,599.0,489.5,8.0,73.6,67.1,6.5,61.1,74.5,65.9,60.5,55.3,18.3
25,위례2차아이파크아파트,서울 송파구 장지동 884,24109,738.9,601.6,491.8,8.0,73.4,64.7,8.7,60.8,74.3,65.7,60.3,55.1,18.3
26,위례래미안이편한세상아파트,경기 성남시 수정구 창곡동 567,88975,777.3,606.8,509.7,8.1,73.1,62.3,10.8,60.4,74.0,65.4,59.8,54.7,18.4
27,위례역푸르지오5단지아파트,경기 성남시 수정구 창곡동 564,9818,712.4,657.5,549.4,8.8,69.8,66.3,3.5,56.5,70.6,61.6,55.9,50.7,19.1
28,위례역푸르지오6단지아파트,경기 성남시 수정구 창곡동 563,17212,758.7,669.7,560.4,8.9,69.0,63.5,5.5,55.6,69.8,60.8,55.0,49.8,19.2
29,위례스타힐스아파트,서울 송파구 장지동 885,63915,911.8,743.8,634.3,9.9,64.4,54.6,9.8,50.4,65.2,55.7,49.8,44.5,19.9
30,힐스테이트위례아파트,경기 성남시 수정구 창곡동 572,50901,909.5,749.4,640.2,10.0,64.0,54.7,9.3,50.0,64.8,55.3,49.4,44.2,19.8
31,위례송파푸르지오아파트,서울 송파구 장지동 878,37156,875.6,767.5,658.4,10.2,62.9,56.6,6.3,48.8,63.7,54.1,48.2,43.0,19.9
32,위례호반써밋에비뉴아파트,경기 성남시 수정구 창곡동 515,64695,934.4,770.4,750.1,10.3,62.8,53.4,9.4,48.7,63.6,53.9,48.0,42.8,20.0
33,위례롯데캐슬아파트,경기 하남시 학암동 672,81086,962.1,784.9,751.2,10.5,61.9,51.9,10.0,47.7,62.7,53.0,47.1,41.9,20.0
34,위례센트럴푸르지오아파트,경기 성남시 수정구 창곡동 519,39466,971.3,832.3,806.7,11.1,59.1,51.5,7.6,44.8,59.8,50.1,44.2,39.1,20.0
35,위례더힐55아파트,경기 성남시 수정구 창곡동 521,98548,1132.1,843.0,786.8,11.2,58.5,43.8,14.7,44.2,59.2,49.4,43.6,38.5,20.0
36,e편한세상테라스위례아파트,경기 성남시 수정구 창곡동 575,40414,1173.6,1031.4,951.6,13.8,48.5,42.1,6.4,34.6,49.1,39.5,34.0,29.5,19.0
37,위례포레샤인13단지아파트,서울 송파구 거여동 599,23298,1108.7,1032.2,923.5,13.8,48.4,44.9,3.5,34.6,49.0,39.5,34.0,29.4,19.0
38,위례지웰푸르지오 키즈스테이션,경기 하남시 학암동 654,22859,1141.6,1042.8,938.8,13.9,47.9,43.4,4.5,34.1,48.5,39.0,33.5,29.0,18.9
39,송파레이크파크호반써밋2차아파트,서울 송파구 거여동 607,46567,1234.8,1086.1,976.7,14.5,45.9,39.6,6.3,32.3,46.5,37.1,31.7,27.4,18.5
40,위례그린파크푸르지오아파트,경기 하남시 학암동 673,71386,1212.6,1124.2,1074.6,15.0,44.2,40.5,3.7,30.8,44.7,35.5,30.3,26.0,18.2
41,송파레이크파크호반써밋1차아파트,서울 송파구 거여동 597,50150,1284.0,1151.7,1042.6,15.4,43.0,37.8,5.2,29.8,43.5,34.4,29.3,25.1,17.9
42,위례포레스트사랑으로부영아파트,경기 성남시 수정구 창곡동 597,45306,1278.8,1179.3,1069.5,15.7,41.8,37.9,3.9,28.8,42.3,33.3,28.3,24.2,17.6
43,송파위례리슈빌아파트,서울 송파구 거여동 654,33017,1276.7,1198.5,1088.7,16.0,41.0,38.0,3.0,28.1,41.5,32.6,27.6,23.6,17.4
44,송파레이크힐아파트,서울 송파구 거여동 606,20420,1431.2,1362.1,1253.2,18.2,35.0,32.8,2.2,23.3,35.4,27.2,22.8,19.3,15.7
45,포레나송파아파트,서울 송파구 거여동 651,61475,1545.3,1367.6,1258.7,18.2,34.8,29.5,5.3,23.1,35.2,27.1,22.7,19.2,15.6
46,위례호반써밋아파트,경기 하남시 학암동 652,42117,1579.8,1434.6,1328.8,19.1,32.7,28.6,4.1,21.5,33.1,25.2,21.0,17.8,14.9
47,위례택지개발사업지구A1-14블록아파트,서울 송파구 거여동 647,22501,1757.7,1643.2,1533.8,21.9,27.0,24.5,2.5,17.2,27.3,20.5,16.9,14.1,12.9
48,힐스테이트센트럴위례아파트,경기 하남시 학암동 651,60020,1865.5,1688.9,1588.8,22.5,26.0,22.3,3.7,16.5,26.3,19.6,16.1,13.5,12.5
49,위례숲우미린아파트,경기 하남시 학암동 646,51255,1906.8,1695.1,1596.1,22.6,25.8,21.6,4.2,16.4,26.1,19.5,16.0,13.4,12.4
50,위례포레샤인18단지아파트,서울 송파구 거여동 648,32454,1874.3,1757.9,1653.2,23.4,24.4,22.2,2.2,15.4,24.7,18.3,15.1,12.6,11.8
51,위례중흥S-클래스아파트,경기 하남시 학암동 641,37615,1962.0,1822.6,1735.2,24.3,23.1,20.6,2.5,14.5,23.4,17.3,14.2,11.8,11.3
52,위례아너스포레아파트,경기 하남시 학암동 642,17656,2105.6,2027.5,1939.0,27.0,19.6,18.4,1.2,12.0,19.8,14.5,11.8,9.8,9.8
53,위례로제비앙아파트,경기 하남시 학암동 645,20000,2128.3,2045.5,1953.2,27.3,19.3,18.1,1.2,11.9,19.5,14.2,11.6,9.6,9.7
54,위례우미린아파트,경기 하남시 학암동 639,31434,2192.9,2080.6,1995.0,27.7,18.8,17.2,1.6,11.5,19.0,13.8,11.2,9.3,9.5
55,위례포레자이아파트,경기 하남시 학암동 635,35786,2286.7,2188.5,2100.5,29.2,17.3,16.1,1.2,10.5,17.5,12.7,10.3,8.5,8.8
