단지명,지번주소,중심거리_m,POI수,lng,lat,pnu,필지지번,면적_m2,면적_평,도형,지구겹침_%,도로명주소
위례센트럴자이아파트,경기 성남시 수정구 창곡동 504,128,1,127.14045378840484,37.47337711751279,4113110800105040000,경기도 성남시 수정구 창곡동 504,68176,20623,MultiPolygon,100.0,
위례보미리즌빌아파트,경기 성남시 수정구 창곡동 507,160,1,127.14130744252064,37.47164526027425,4113110800105070000,경기도 성남시 수정구 창곡동 507,9109,2755,MultiPolygon,100.0,
위례35단지아파트,경기 성남시 수정구 창곡동 510,187,1,127.1439415260338,37.47287286005461,4113110800105100000,경기도 성남시 수정구 창곡동 510,76394,23109,MultiPolygon,100.0,
위례중앙푸르지오1단지아파트,서울 송파구 장지동 897,204,1,127.14152939247208,37.4748435783521,1171010900108970000,서울특별시 송파구 장지동 897,9493,2872,MultiPolygon,100.0,
송파꿈에그린위례24단지아파트,서울 송파구 장지동 901,228,1,127.14057179342603,37.4748158891578,1171010900109010000,서울특별시 송파구 장지동 901,82396,24925,MultiPolygon,100.0,
위례중앙푸르지오2단지아파트,서울 송파구 장지동 896,233,1,127.14280712651492,37.47497539036918,1171010900108960000,서울특별시 송파구 장지동 896,8625,2609,MultiPolygon,100.0,
위례아트리버푸르지오1단지아파트,경기 성남시 수정구 창곡동 530,254,2,127.14144585736663,37.47040890880427,4113110800105300000,경기도 성남시 수정구 창곡동 530,9652,2920,MultiPolygon,100.0,
위례아트리버푸르지오2단지아파트,경기 성남시 수정구 창곡동 529,263,1,127.14235358468623,37.47069524127733,4113110800105290000,경기도 성남시 수정구 창곡동 529,7026,2125,MultiPolygon,100.0,
위례신도시신안인스빌아스트로아파트,경기 하남시 학암동 663,267,1,127.1439394623976,37.474744259052045,4145011600106630000,경기도 하남시 학암동 663,42473,12848,MultiPolygon,100.0,
위례아이파크아파트,서울 송파구 장지동 894,368,9,127.1420497446803,37.476336526456976,1171010900108940000,서울특별시 송파구 장지동 894,21063,6372,MultiPolygon,100.0,서울 송파구 위례광장로 136
송파와이즈더샵아파트,서울 송파구 장지동 895,377,10,127.14317415293586,37.47625086499255,1171010900108950000,서울특별시 송파구 장지동 895,20538,6213,MultiPolygon,100.0,서울 송파구 위례광장로 270
위례자이아파트,경기 성남시 수정구 창곡동 531,396,1,127.13839706026656,37.47072967481327,4113110800105310000,경기도 성남시 수정구 창곡동 531,42016,12710,MultiPolygon,100.0,
래미안위례아파트,경기 성남시 수정구 창곡동 528,397,10,127.14452280769095,37.47016416486467,4113110800105280000,경기도 성남시 수정구 창곡동 528,31444,9512,MultiPolygon,100.0,경기 성남시 수정구 위례순환로 150
위례역푸르지오4단지아파트,경기 성남시 수정구 창곡동 565,570,1,127.14121112719648,37.46791969895193,4113110800105650000,경기도 성남시 수정구 창곡동 565,13854,4191,MultiPolygon,100.0,
위례심포니아아파트,서울 송파구 장지동 891,583,1,127.144704959987,37.4777481890926,1171010900108910000,서울특별시 송파구 장지동 891,2947,891,MultiPolygon,100.0,
위례센트로엘아파트,경기 하남시 학암동 662,612,1,127.14661642979796,37.477012411518274,4145011600106620000,경기도 하남시 학암동 662,41449,12538,MultiPolygon,100.0,
위례31단지아파트,경기 성남시 수정구 창곡동 500,622,1,127.13480932726247,37.473430544532754,4113110800105000000,경기도 성남시 수정구 창곡동 500,79716,24114,MultiPolygon,100.0,
성남위례LH36단지아파트,경기 성남시 수정구 창곡동 501,640,1,127.13469482312124,37.4719899606918,4113110800105010000,경기도 성남시 수정구 창곡동 501,13040,3945,MultiPolygon,100.0,
위례자이더시티아파트,경기 성남시 수정구 창곡동 512,649,1,127.149153332303,37.4735745896592,4113110800105120000,경기도 성남시 수정구 창곡동 512,33283,10068,MultiPolygon,100.0,
위례역푸르지오5단지아파트,경기 성남시 수정구 창곡동 564,706,1,127.14111840803196,37.4667034456678,4113110800105640000,경기도 성남시 수정구 창곡동 564,9818,2970,MultiPolygon,100.0,
송파더센트레아파트,서울 송파구 장지동 879,714,1,127.1400928993921,37.47929357128287,1171010900108790000,서울특별시 송파구 장지동 879,44179,13364,MultiPolygon,100.0,
위례포레샤인23단지아파트,서울 송파구 장지동 905,716,2,127.13510299157716,37.476719780774886,1171010900109050000,서울특별시 송파구 장지동 905,105578,31937,MultiPolygon,100.0,
플로리체위례아파트,경기 하남시 학암동 671,721,1,127.14984885515436,37.47427469490312,4145011600106710000,경기도 하남시 학암동 671,57172,17294,MultiPolygon,100.0,
위례역푸르지오6단지아파트,경기 성남시 수정구 창곡동 563,725,2,127.14249965373396,37.466355349498365,4113110800105630000,경기도 성남시 수정구 창곡동 563,17212,5207,MultiPolygon,100.0,
위례자이더파크아파트,경기 성남시 수정구 창곡동 514,736,1,127.149982633819,37.4716354684911,4113110800105140000,경기도 성남시 수정구 창곡동 514,52721,15948,MultiPolygon,100.0,
위례2차아이파크아파트,서울 송파구 장지동 884,765,1,127.14374327299969,37.47973788900149,1171010900108840000,서울특별시 송파구 장지동 884,24109,7293,MultiPolygon,100.0,
힐스테이트송파위례아파트,서울 송파구 장지동 883,776,1,127.14286748300664,37.47995699525704,1171010900108830000,서울특별시 송파구 장지동 883,23947,7244,MultiPolygon,100.0,
위례송파푸르지오아파트,서울 송파구 장지동 878,820,1,127.1397599524179,37.48020939023371,1171010900108780000,서울특별시 송파구 장지동 878,37156,11240,MultiPolygon,100.0,
힐스테이트위례아파트,경기 성남시 수정구 창곡동 572,825,3,127.14450096430134,37.46516162595787,4113110800105720000,경기도 성남시 수정구 창곡동 572,50901,15397,MultiPolygon,100.0,
위례래미안이편한세상아파트,경기 성남시 수정구 창곡동 567,862,1,127.14643930223764,37.466191504735875,4113110800105670000,경기도 성남시 수정구 창곡동 567,88975,26915,MultiPolygon,100.0,
위례롯데캐슬아파트,경기 하남시 학암동 672,892,3,127.15299054938224,37.47465029111993,4145011600106720000,경기도 하남시 학암동 672,81086,24529,MultiPolygon,100.0,
위례스타힐스아파트,서울 송파구 장지동 885,914,1,127.14590885484245,37.480577677425615,1171010900108850000,서울특별시 송파구 장지동 885,63915,19334,MultiPolygon,100.0,
위례호반써밋에비뉴아파트,경기 성남시 수정구 창곡동 515,920,2,127.1530527898736,37.47320243907744,4113110800105150000,경기도 성남시 수정구 창곡동 515,64695,19570,MultiPolygon,100.0,
위례센트럴푸르지오아파트,경기 성남시 수정구 창곡동 519,984,2,127.15319070703993,37.47126283906617,4113110800105190000,경기도 성남시 수정구 창곡동 519,39466,11938,MultiPolygon,100.0,
e편한세상테라스위례아파트,경기 성남시 수정구 창곡동 575,1050,2,127.15114833361508,37.46639505747381,4113110800105750000,경기도 성남시 수정구 창곡동 575,40414,12225,MultiPolygon,100.0,
위례포레샤인13단지아파트,서울 송파구 거여동 599,1101,1,127.13804444868671,37.48245671965098,1171011300105990000,서울특별시 송파구 거여동 599,23298,7048,MultiPolygon,100.0,
위례더힐55아파트,경기 성남시 수정구 창곡동 521,1122,2,127.15463825947074,37.469617060450744,4113110800105210000,경기도 성남시 수정구 창곡동 521,98548,29811,MultiPolygon,100.0,
위례지웰푸르지오 키즈스테이션,경기 하남시 학암동 654,1148,1,127.1492166202428,37.48152501101915,4145011600106540000,경기도 하남시 학암동 654,22859,6915,MultiPolygon,100.0,
위례그린파크푸르지오아파트,경기 하남시 학암동 673,1162,2,127.1548369942335,37.474440806804,4145011600106730000,경기도 하남시 학암동 673,71386,21594,MultiPolygon,100.0,
송파레이크파크호반써밋2차아파트,서울 송파구 거여동 607,1243,1,127.14233170661012,37.484195083159605,1171011300106070000,서울특별시 송파구 거여동 607,46567,14086,MultiPolygon,100.0,
송파위례리슈빌아파트,서울 송파구 거여동 654,1264,1,127.147588890846,37.4834317864519,1171011300106540000,서울특별시 송파구 거여동 654,33017,9988,MultiPolygon,100.0,
위례포레스트사랑으로부영아파트,경기 성남시 수정구 창곡동 597,1274,1,127.14554032715924,37.46194525018125,4113110800105970000,경기도 성남시 수정구 창곡동 597,45306,13705,MultiPolygon,100.0,
송파레이크파크호반써밋1차아파트,서울 송파구 거여동 597,1306,1,127.140128979748,37.4846896664459,1171011300105970000,서울특별시 송파구 거여동 597,50150,15170,MultiPolygon,100.0,
송파레이크힐아파트,서울 송파구 거여동 606,1431,1,127.14390071305202,37.485783461153694,1171011300106060000,서울특별시 송파구 거여동 606,20420,6177,MultiPolygon,100.0,
포레나송파아파트,서울 송파구 거여동 651,1545,1,127.1487773385924,37.48578282697687,1171011300106510000,서울특별시 송파구 거여동 651,61475,18596,MultiPolygon,100.0,
위례호반써밋아파트,경기 하남시 학암동 652,1576,2,127.15250374886324,37.484795072186955,4145011600106520000,경기도 하남시 학암동 652,42117,12740,MultiPolygon,100.0,
힐스테이트센트럴위례아파트,경기 하남시 학암동 651,1736,1,127.15291366505193,37.485928014167406,4145011600106510000,경기도 하남시 학암동 651,60020,18156,MultiPolygon,100.0,
위례택지개발사업지구A1-14블록아파트,서울 송파구 거여동 647,1753,1,127.148174513669,37.4879856464869,1171011300106470000,서울특별시 송파구 거여동 647,22501,6807,MultiPolygon,100.0,
위례포레샤인18단지아파트,서울 송파구 거여동 648,1885,1,127.1521543793235,37.48786345710512,1171011300106480000,서울특별시 송파구 거여동 648,32454,9817,MultiPolygon,100.0,
위례숲우미린아파트,경기 하남시 학암동 646,1946,1,127.15685278422278,37.48584175960501,4145011600106460000,경기도 하남시 학암동 646,51255,15505,MultiPolygon,100.0,
위례중흥S-클래스아파트,경기 하남시 학암동 641,1954,1,127.15953446153064,37.483573937015976,4145011600106410000,경기도 하남시 학암동 641,37615,11379,MultiPolygon,100.0,
위례아너스포레아파트,경기 하남시 학암동 642,2109,5,127.15940501169204,37.48586681522046,4145011600106420000,경기도 하남시 학암동 642,17656,5341,MultiPolygon,100.0,경기 하남시 위례대로6길 77
위례로제비앙아파트,경기 하남시 학암동 645,2120,5,127.15850344777084,37.48674272638738,4145011600106450000,경기도 하남시 학암동 645,20000,6050,MultiPolygon,100.0,경기 하남시 위례학암로 30
위례우미린아파트,경기 하남시 학암동 639,2175,5,127.16119910257592,37.485095641090666,4145011600106390000,경기도 하남시 학암동 639,31434,9509,MultiPolygon,100.0,경기 하남시 위례대로6길 100
위례포레자이아파트,경기 하남시 학암동 635,2287,4,127.16108918280108,37.48677130499126,4145011600106350000,경기도 하남시 학암동 635,35786,10825,MultiPolygon,100.0,경기 하남시 위례대로6길 95
